Timestamp,Status,Description
2023-10-11 16:00:28,Case Was Received and A Receipt Notice Was Sent,"On October 6, 2023, we received your Form I-129, Petition for a Nonimmigrant Worker, Receipt Number EAC2400450864, and sent you a receipt notice or acceptance notice. The notice describes how we will process your case. Please follow the instructions in the notice. If you move, go to www.uscis.gov/addresschange to give us your new mailing address."
2023-10-11 16:15:07,Case Was Received and A Receipt Notice Was Sent,"On October 6, 2023, we received your Form I-129, Petition for a Nonimmigrant Worker, Receipt Number EAC2400450864, and sent you a receipt notice or acceptance notice. The notice describes how we will process your case. Please follow the instructions in the notice. If you move, go to www.uscis.gov/addresschange to give us your new mailing address."
2023-10-11 16:27:09,Case Was Received and A Receipt Notice Was Sent,"On October 6, 2023, we received your Form I-129, Petition for a Nonimmigrant Worker, Receipt Number EAC2400450864, and sent you a receipt notice or acceptance notice. The notice describes how we will process your case. Please follow the instructions in the notice. If you move, go to www.uscis.gov/addresschange to give us your new mailing address."
2023-10-11 16:37:49,Case Was Received and A Receipt Notice Was Sent,"On October 6, 2023, we received your Form I-129, Petition for a Nonimmigrant Worker, Receipt Number EAC2400450864, and sent you a receipt notice or acceptance notice. The notice describes how we will process your case. Please follow the instructions in the notice. If you move, go to www.uscis.gov/addresschange to give us your new mailing address."
2023-10-11 16:47:34,Case Was Received and A Receipt Notice Was Sent,"On October 6, 2023, we received your Form I-129, Petition for a Nonimmigrant Worker, Receipt Number EAC2400450864, and sent you a receipt notice or acceptance notice. The notice describes how we will process your case. Please follow the instructions in the notice. If you move, go to www.uscis.gov/addresschange to give us your new mailing address."
2023-10-11 16:57:34,Check Case Status,Already have an Account? Login
2023-10-11 17:13:45,Case Was Received and A Receipt Notice Was Sent,"On October 6, 2023, we received your Form I-129, Petition for a Nonimmigrant Worker, Receipt Number EAC2400450864, and sent you a receipt notice or acceptance notice. The notice describes how we will process your case. Please follow the instructions in the notice. If you move, go to www.uscis.gov/addresschange to give us your new mailing address."
2023-10-11 17:26:27,Case Was Received and A Receipt Notice Was Sent,"On October 6, 2023, we received your Form I-129, Petition for a Nonimmigrant Worker, Receipt Number EAC2400450864, and sent you a receipt notice or acceptance notice. The notice describes how we will process your case. Please follow the instructions in the notice. If you move, go to www.uscis.gov/addresschange to give us your new mailing address."
2023-10-11 17:36:44,Case Was Received and A Receipt Notice Was Sent,"On October 6, 2023, we received your Form I-129, Petition for a Nonimmigrant Worker, Receipt Number EAC2400450864, and sent you a receipt notice or acceptance notice. The notice describes how we will process your case. Please follow the instructions in the notice. If you move, go to www.uscis.gov/addresschange to give us your new mailing address."
2023-10-11 17:46:28,Case Was Received and A Receipt Notice Was Sent,"On October 6, 2023, we received your Form I-129, Petition for a Nonimmigrant Worker, Receipt Number EAC2400450864, and sent you a receipt notice or acceptance notice. The notice describes how we will process your case. Please follow the instructions in the notice. If you move, go to www.uscis.gov/addresschange to give us your new mailing address."
2023-10-11 17:56:36,Case Was Received and A Receipt Notice Was Sent,"On October 6, 2023, we received your Form I-129, Petition for a Nonimmigrant Worker, Receipt Number EAC2400450864, and sent you a receipt notice or acceptance notice. The notice describes how we will process your case. Please follow the instructions in the notice. If you move, go to www.uscis.gov/addresschange to give us your new mailing address."
2023-10-11 18:12:42,Case Was Received and A Receipt Notice Was Sent,"On October 6, 2023, we received your Form I-129, Petition for a Nonimmigrant Worker, Receipt Number EAC2400450864, and sent you a receipt notice or acceptance notice. The notice describes how we will process your case. Please follow the instructions in the notice. If you move, go to www.uscis.gov/addresschange to give us your new mailing address."
2023-10-11 18:29:07,Case Was Received and A Receipt Notice Was Sent,"On October 6, 2023, we received your Form I-129, Petition for a Nonimmigrant Worker, Receipt Number EAC2400450864, and sent you a receipt notice or acceptance notice. The notice describes how we will process your case. Please follow the instructions in the notice. If you move, go to www.uscis.gov/addresschange to give us your new mailing address."
2023-10-11 18:39:31,Check Case Status,Already have an Account? Login
2023-10-11 18:49:31,Case Was Received and A Receipt Notice Was Sent,"On October 6, 2023, we received your Form I-129, Petition for a Nonimmigrant Worker, Receipt Number EAC2400450864, and sent you a receipt notice or acceptance notice. The notice describes how we will process your case. Please follow the instructions in the notice. If you move, go to www.uscis.gov/addresschange to give us your new mailing address."
2023-10-11 18:59:19,Case Was Received and A Receipt Notice Was Sent,"On October 6, 2023, we received your Form I-129, Petition for a Nonimmigrant Worker, Receipt Number EAC2400450864, and sent you a receipt notice or acceptance notice. The notice describes how we will process your case. Please follow the instructions in the notice. If you move, go to www.uscis.gov/addresschange to give us your new mailing address."
2023-10-11 19:18:17,Case Was Received and A Receipt Notice Was Sent,"On October 6, 2023, we received your Form I-129, Petition for a Nonimmigrant Worker, Receipt Number EAC2400450864, and sent you a receipt notice or acceptance notice. The notice describes how we will process your case. Please follow the instructions in the notice. If you move, go to www.uscis.gov/addresschange to give us your new mailing address."
2023-10-11 19:28:19,Case Was Received and A Receipt Notice Was Sent,"On October 6, 2023, we received your Form I-129, Petition for a Nonimmigrant Worker, Receipt Number EAC2400450864, and sent you a receipt notice or acceptance notice. The notice describes how we will process your case. Please follow the instructions in the notice. If you move, go to www.uscis.gov/addresschange to give us your new mailing address."
2023-10-11 19:38:26,Check Case Status,Already have an Account? Login
2023-10-11 19:48:18,Case Was Received and A Receipt Notice Was Sent,"On October 6, 2023, we received your Form I-129, Petition for a Nonimmigrant Worker, Receipt Number EAC2400450864, and sent you a receipt notice or acceptance notice. The notice describes how we will process your case. Please follow the instructions in the notice. If you move, go to www.uscis.gov/addresschange to give us your new mailing address."
2023-10-11 19:58:15,Check Case Status,Already have an Account? Login
2023-10-11 21:06:45,Case Was Received and A Receipt Notice Was Sent,"On October 6, 2023, we received your Form I-129, Petition for a Nonimmigrant Worker, Receipt Number EAC2400450864, and sent you a receipt notice or acceptance notice. The notice describes how we will process your case. Please follow the instructions in the notice. If you move, go to www.uscis.gov/addresschange to give us your new mailing address."
2023-10-11 21:57:22,Case Was Received and A Receipt Notice Was Sent,"On October 6, 2023, we received your Form I-129, Petition for a Nonimmigrant Worker, Receipt Number EAC2400450864, and sent you a receipt notice or acceptance notice. The notice describes how we will process your case. Please follow the instructions in the notice. If you move, go to www.uscis.gov/addresschange to give us your new mailing address."
2023-10-11 22:20:27,Case Was Received and A Receipt Notice Was Sent,"On October 6, 2023, we received your Form I-129, Petition for a Nonimmigrant Worker, Receipt Number EAC2400450864, and sent you a receipt notice or acceptance notice. The notice describes how we will process your case. Please follow the instructions in the notice. If you move, go to www.uscis.gov/addresschange to give us your new mailing address."
2023-10-11 22:31:23,Case Was Received and A Receipt Notice Was Sent,"On October 6, 2023, we received your Form I-129, Petition for a Nonimmigrant Worker, Receipt Number EAC2400450864, and sent you a receipt notice or acceptance notice. The notice describes how we will process your case. Please follow the instructions in the notice. If you move, go to www.uscis.gov/addresschange to give us your new mailing address."
2023-10-11 23:08:47,Case Was Received and A Receipt Notice Was Sent,"On October 6, 2023, we received your Form I-129, Petition for a Nonimmigrant Worker, Receipt Number EAC2400450864, and sent you a receipt notice or acceptance notice. The notice describes how we will process your case. Please follow the instructions in the notice. If you move, go to www.uscis.gov/addresschange to give us your new mailing address."
2023-10-12 00:09:33,Case Was Received and A Receipt Notice Was Sent,"On October 6, 2023, we received your Form I-129, Petition for a Nonimmigrant Worker, Receipt Number EAC2400450864, and sent you a receipt notice or acceptance notice. The notice describes how we will process your case. Please follow the instructions in the notice. If you move, go to www.uscis.gov/addresschange to give us your new mailing address."
2023-10-12 01:08:22,Check Case Status,Already have an Account? Login
2023-10-12 02:11:23,Case Was Received and A Receipt Notice Was Sent,"On October 6, 2023, we received your Form I-129, Petition for a Nonimmigrant Worker, Receipt Number EAC2400450864, and sent you a receipt notice or acceptance notice. The notice describes how we will process your case. Please follow the instructions in the notice. If you move, go to www.uscis.gov/addresschange to give us your new mailing address."
2023-10-12 03:08:47,Check Case Status,Already have an Account? Login
2023-10-12 04:11:06,Case Was Received and A Receipt Notice Was Sent,"On October 6, 2023, we received your Form I-129, Petition for a Nonimmigrant Worker, Receipt Number EAC2400450864, and sent you a receipt notice or acceptance notice. The notice describes how we will process your case. Please follow the instructions in the notice. If you move, go to www.uscis.gov/addresschange to give us your new mailing address."
2023-10-12 05:08:32,Case Was Received and A Receipt Notice Was Sent,"On October 6, 2023, we received your Form I-129, Petition for a Nonimmigrant Worker, Receipt Number EAC2400450864, and sent you a receipt notice or acceptance notice. The notice describes how we will process your case. Please follow the instructions in the notice. If you move, go to www.uscis.gov/addresschange to give us your new mailing address."
2023-10-12 06:09:07,Case Was Received and A Receipt Notice Was Sent,"On October 6, 2023, we received your Form I-129, Petition for a Nonimmigrant Worker, Receipt Number EAC2400450864, and sent you a receipt notice or acceptance notice. The notice describes how we will process your case. Please follow the instructions in the notice. If you move, go to www.uscis.gov/addresschange to give us your new mailing address."
2023-10-12 07:07:43,Case Was Received and A Receipt Notice Was Sent,"On October 6, 2023, we received your Form I-129, Petition for a Nonimmigrant Worker, Receipt Number EAC2400450864, and sent you a receipt notice or acceptance notice. The notice describes how we will process your case. Please follow the instructions in the notice. If you move, go to www.uscis.gov/addresschange to give us your new mailing address."
2023-10-12 08:14:47,Case Was Received and A Receipt Notice Was Sent,"On October 6, 2023, we received your Form I-129, Petition for a Nonimmigrant Worker, Receipt Number EAC2400450864, and sent you a receipt notice or acceptance notice. The notice describes how we will process your case. Please follow the instructions in the notice. If you move, go to www.uscis.gov/addresschange to give us your new mailing address."
2023-10-12 09:11:52,Case Was Received and A Receipt Notice Was Sent,"On October 6, 2023, we received your Form I-129, Petition for a Nonimmigrant Worker, Receipt Number EAC2400450864, and sent you a receipt notice or acceptance notice. The notice describes how we will process your case. Please follow the instructions in the notice. If you move, go to www.uscis.gov/addresschange to give us your new mailing address."
2023-10-12 09:47:53,Case Was Received and A Receipt Notice Was Sent,"On October 6, 2023, we received your Form I-129, Petition for a Nonimmigrant Worker, Receipt Number EAC2400450864, and sent you a receipt notice or acceptance notice. The notice describes how we will process your case. Please follow the instructions in the notice. If you move, go to www.uscis.gov/addresschange to give us your new mailing address."
2023-10-12 09:59:31,Case Was Received and A Receipt Notice Was Sent,"On October 6, 2023, we received your Form I-129, Petition for a Nonimmigrant Worker, Receipt Number EAC2400450864, and sent you a receipt notice or acceptance notice. The notice describes how we will process your case. Please follow the instructions in the notice. If you move, go to www.uscis.gov/addresschange to give us your new mailing address."
2023-10-12 10:20:19,Case Was Received and A Receipt Notice Was Sent,"On October 6, 2023, we received your Form I-129, Petition for a Nonimmigrant Worker, Receipt Number EAC2400450864, and sent you a receipt notice or acceptance notice. The notice describes how we will process your case. Please follow the instructions in the notice. If you move, go to www.uscis.gov/addresschange to give us your new mailing address."
2023-10-12 10:32:51,Case Was Received and A Receipt Notice Was Sent,"On October 6, 2023, we received your Form I-129, Petition for a Nonimmigrant Worker, Receipt Number EAC2400450864, and sent you a receipt notice or acceptance notice. The notice describes how we will process your case. Please follow the instructions in the notice. If you move, go to www.uscis.gov/addresschange to give us your new mailing address."
2023-10-12 10:48:03,Case Was Received and A Receipt Notice Was Sent,"On October 6, 2023, we received your Form I-129, Petition for a Nonimmigrant Worker, Receipt Number EAC2400450864, and sent you a receipt notice or acceptance notice. The notice describes how we will process your case. Please follow the instructions in the notice. If you move, go to www.uscis.gov/addresschange to give us your new mailing address."
2023-10-12 10:59:56,Case Was Received and A Receipt Notice Was Sent,"On October 6, 2023, we received your Form I-129, Petition for a Nonimmigrant Worker, Receipt Number EAC2400450864, and sent you a receipt notice or acceptance notice. The notice describes how we will process your case. Please follow the instructions in the notice. If you move, go to www.uscis.gov/addresschange to give us your new mailing address."
2023-10-12 12:09:27,Check Case Status,Already have an Account? Login
2023-10-12 12:26:01,Check Case Status,Already have an Account? Login
2023-10-12 12:41:11,Check Case Status,"On October 6, 2023, we received your Form I-129, Petition for a Nonimmigrant Worker, Receipt Number EAC2400450864, and sent you a receipt notice or acceptance notice. The notice describes how we will process your case. Please follow the instructions in the notice. If you move, go to www.uscis.gov/addresschange to give us your new mailing address."
2023-10-12 12:53:05,Case Was Received and A Receipt Notice Was Sent,"On October 6, 2023, we received your Form I-129, Petition for a Nonimmigrant Worker, Receipt Number EAC2400450864, and sent you a receipt notice or acceptance notice. The notice describes how we will process your case. Please follow the instructions in the notice. If you move, go to www.uscis.gov/addresschange to give us your new mailing address."
2023-10-12 13:15:05,Check Case Status,Already have an Account? Login
2023-10-12 13:29:44,Check Case Status,Already have an Account? Login
2023-10-12 13:41:15,Case Was Received and A Receipt Notice Was Sent,"On October 6, 2023, we received your Form I-129, Petition for a Nonimmigrant Worker, Receipt Number EAC2400450864, and sent you a receipt notice or acceptance notice. The notice describes how we will process your case. Please follow the instructions in the notice. If you move, go to www.uscis.gov/addresschange to give us your new mailing address."
2023-10-12 13:52:51,Check Case Status,Already have an Account? Login
2023-10-12 14:21:50,Case Was Received and A Receipt Notice Was Sent,"On October 6, 2023, we received your Form I-129, Petition for a Nonimmigrant Worker, Receipt Number EAC2400450864, and sent you a receipt notice or acceptance notice. The notice describes how we will process your case. Please follow the instructions in the notice. If you move, go to www.uscis.gov/addresschange to give us your new mailing address."
2023-10-12 14:39:26,Case Was Received and A Receipt Notice Was Sent,"On October 6, 2023, we received your Form I-129, Petition for a Nonimmigrant Worker, Receipt Number EAC2400450864, and sent you a receipt notice or acceptance notice. The notice describes how we will process your case. Please follow the instructions in the notice. If you move, go to www.uscis.gov/addresschange to give us your new mailing address."
2023-10-12 14:50:58,Case Was Received and A Receipt Notice Was Sent,"On October 6, 2023, we received your Form I-129, Petition for a Nonimmigrant Worker, Receipt Number EAC2400450864, and sent you a receipt notice or acceptance notice. The notice describes how we will process your case. Please follow the instructions in the notice. If you move, go to www.uscis.gov/addresschange to give us your new mailing address."
2023-10-12 15:05:11,Case Was Received and A Receipt Notice Was Sent,"On October 6, 2023, we received your Form I-129, Petition for a Nonimmigrant Worker, Receipt Number EAC2400450864, and sent you a receipt notice or acceptance notice. The notice describes how we will process your case. Please follow the instructions in the notice. If you move, go to www.uscis.gov/addresschange to give us your new mailing address."
2023-10-12 15:18:32,Check Case Status,Already have an Account? Login
2023-10-12 15:30:04,Case Was Received and A Receipt Notice Was Sent,"On October 6, 2023, we received your Form I-129, Petition for a Nonimmigrant Worker, Receipt Number EAC2400450864, and sent you a receipt notice or acceptance notice. The notice describes how we will process your case. Please follow the instructions in the notice. If you move, go to www.uscis.gov/addresschange to give us your new mailing address."
2023-10-12 15:41:42,Case Was Received and A Receipt Notice Was Sent,"On October 6, 2023, we received your Form I-129, Petition for a Nonimmigrant Worker, Receipt Number EAC2400450864, and sent you a receipt notice or acceptance notice. The notice describes how we will process your case. Please follow the instructions in the notice. If you move, go to www.uscis.gov/addresschange to give us your new mailing address."
2023-10-12 15:57:59,Case Was Received and A Receipt Notice Was Sent,"On October 6, 2023, we received your Form I-129, Petition for a Nonimmigrant Worker, Receipt Number EAC2400450864, and sent you a receipt notice or acceptance notice. The notice describes how we will process your case. Please follow the instructions in the notice. If you move, go to www.uscis.gov/addresschange to give us your new mailing address."
2023-10-12 16:18:41,Case Was Received and A Receipt Notice Was Sent,"On October 6, 2023, we received your Form I-129, Petition for a Nonimmigrant Worker, Receipt Number EAC2400450864, and sent you a receipt notice or acceptance notice. The notice describes how we will process your case. Please follow the instructions in the notice. If you move, go to www.uscis.gov/addresschange to give us your new mailing address."
2023-10-12 16:30:19,Case Was Received and A Receipt Notice Was Sent,"On October 6, 2023, we received your Form I-129, Petition for a Nonimmigrant Worker, Receipt Number EAC2400450864, and sent you a receipt notice or acceptance notice. The notice describes how we will process your case. Please follow the instructions in the notice. If you move, go to www.uscis.gov/addresschange to give us your new mailing address."
2023-10-12 16:41:55,Check Case Status,Already have an Account? Login
2023-10-12 16:57:54,Case Was Received and A Receipt Notice Was Sent,"On October 6, 2023, we received your Form I-129, Petition for a Nonimmigrant Worker, Receipt Number EAC2400450864, and sent you a receipt notice or acceptance notice. The notice describes how we will process your case. Please follow the instructions in the notice. If you move, go to www.uscis.gov/addresschange to give us your new mailing address."
2023-10-12 17:16:38,Check Case Status,Already have an Account? Login
2023-10-12 17:28:07,Case Was Received and A Receipt Notice Was Sent,"On October 6, 2023, we received your Form I-129, Petition for a Nonimmigrant Worker, Receipt Number EAC2400450864, and sent you a receipt notice or acceptance notice. The notice describes how we will process your case. Please follow the instructions in the notice. If you move, go to www.uscis.gov/addresschange to give us your new mailing address."
2023-10-12 17:40:03,Case Was Received and A Receipt Notice Was Sent,"On October 6, 2023, we received your Form I-129, Petition for a Nonimmigrant Worker, Receipt Number EAC2400450864, and sent you a receipt notice or acceptance notice. The notice describes how we will process your case. Please follow the instructions in the notice. If you move, go to www.uscis.gov/addresschange to give us your new mailing address."
2023-10-12 17:51:34,Case Was Received and A Receipt Notice Was Sent,"On October 6, 2023, we received your Form I-129, Petition for a Nonimmigrant Worker, Receipt Number EAC2400450864, and sent you a receipt notice or acceptance notice. The notice describes how we will process your case. Please follow the instructions in the notice. If you move, go to www.uscis.gov/addresschange to give us your new mailing address."
2023-10-12 18:15:43,Check Case Status,Already have an Account? Login
2023-10-12 18:30:35,Case Was Received and A Receipt Notice Was Sent,"On October 6, 2023, we received your Form I-129, Petition for a Nonimmigrant Worker, Receipt Number EAC2400450864, and sent you a receipt notice or acceptance notice. The notice describes how we will process your case. Please follow the instructions in the notice. If you move, go to www.uscis.gov/addresschange to give us your new mailing address."
2023-10-12 18:42:10,Case Was Received and A Receipt Notice Was Sent,"On October 6, 2023, we received your Form I-129, Petition for a Nonimmigrant Worker, Receipt Number EAC2400450864, and sent you a receipt notice or acceptance notice. The notice describes how we will process your case. Please follow the instructions in the notice. If you move, go to www.uscis.gov/addresschange to give us your new mailing address."
2023-10-12 18:57:48,Case Was Received and A Receipt Notice Was Sent,"On October 6, 2023, we received your Form I-129, Petition for a Nonimmigrant Worker, Receipt Number EAC2400450864, and sent you a receipt notice or acceptance notice. The notice describes how we will process your case. Please follow the instructions in the notice. If you move, go to www.uscis.gov/addresschange to give us your new mailing address."
2023-10-12 19:19:13,Check Case Status,Already have an Account? Login
2023-10-12 19:30:42,Case Was Received and A Receipt Notice Was Sent,"On October 6, 2023, we received your Form I-129, Petition for a Nonimmigrant Worker, Receipt Number EAC2400450864, and sent you a receipt notice or acceptance notice. The notice describes how we will process your case. Please follow the instructions in the notice. If you move, go to www.uscis.gov/addresschange to give us your new mailing address."
2023-10-12 19:42:39,Case Was Received and A Receipt Notice Was Sent,"On October 6, 2023, we received your Form I-129, Petition for a Nonimmigrant Worker, Receipt Number EAC2400450864, and sent you a receipt notice or acceptance notice. The notice describes how we will process your case. Please follow the instructions in the notice. If you move, go to www.uscis.gov/addresschange to give us your new mailing address."
2023-10-12 19:58:09,Case Was Received and A Receipt Notice Was Sent,"On October 6, 2023, we received your Form I-129, Petition for a Nonimmigrant Worker, Receipt Number EAC2400450864, and sent you a receipt notice or acceptance notice. The notice describes how we will process your case. Please follow the instructions in the notice. If you move, go to www.uscis.gov/addresschange to give us your new mailing address."
2023-10-12 21:21:04,Check Case Status,Already have an Account? Login
2023-10-12 22:05:12,Case Was Received and A Receipt Notice Was Sent,"On October 6, 2023, we received your Form I-129, Petition for a Nonimmigrant Worker, Receipt Number EAC2400450864, and sent you a receipt notice or acceptance notice. The notice describes how we will process your case. Please follow the instructions in the notice. If you move, go to www.uscis.gov/addresschange to give us your new mailing address."
2023-10-12 22:31:55,Case Was Received and A Receipt Notice Was Sent,"On October 6, 2023, we received your Form I-129, Petition for a Nonimmigrant Worker, Receipt Number EAC2400450864, and sent you a receipt notice or acceptance notice. The notice describes how we will process your case. Please follow the instructions in the notice. If you move, go to www.uscis.gov/addresschange to give us your new mailing address."
2023-10-12 22:48:15,Case Was Received and A Receipt Notice Was Sent,"On October 6, 2023, we received your Form I-129, Petition for a Nonimmigrant Worker, Receipt Number EAC2400450864, and sent you a receipt notice or acceptance notice. The notice describes how we will process your case. Please follow the instructions in the notice. If you move, go to www.uscis.gov/addresschange to give us your new mailing address."
2023-10-12 22:59:37,Case Was Received and A Receipt Notice Was Sent,"On October 6, 2023, we received your Form I-129, Petition for a Nonimmigrant Worker, Receipt Number EAC2400450864, and sent you a receipt notice or acceptance notice. The notice describes how we will process your case. Please follow the instructions in the notice. If you move, go to www.uscis.gov/addresschange to give us your new mailing address."
2023-10-12 23:20:39,Case Was Received and A Receipt Notice Was Sent,"On October 6, 2023, we received your Form I-129, Petition for a Nonimmigrant Worker, Receipt Number EAC2400450864, and sent you a receipt notice or acceptance notice. The notice describes how we will process your case. Please follow the instructions in the notice. If you move, go to www.uscis.gov/addresschange to give us your new mailing address."
2023-10-12 23:32:33,Case Was Received and A Receipt Notice Was Sent,"On October 6, 2023, we received your Form I-129, Petition for a Nonimmigrant Worker, Receipt Number EAC2400450864, and sent you a receipt notice or acceptance notice. The notice describes how we will process your case. Please follow the instructions in the notice. If you move, go to www.uscis.gov/addresschange to give us your new mailing address."
2023-10-12 23:47:47,Case Was Received and A Receipt Notice Was Sent,"On October 6, 2023, we received your Form I-129, Petition for a Nonimmigrant Worker, Receipt Number EAC2400450864, and sent you a receipt notice or acceptance notice. The notice describes how we will process your case. Please follow the instructions in the notice. If you move, go to www.uscis.gov/addresschange to give us your new mailing address."
2023-10-12 23:59:49,Case Was Received and A Receipt Notice Was Sent,"On October 6, 2023, we received your Form I-129, Petition for a Nonimmigrant Worker, Receipt Number EAC2400450864, and sent you a receipt notice or acceptance notice. The notice describes how we will process your case. Please follow the instructions in the notice. If you move, go to www.uscis.gov/addresschange to give us your new mailing address."
2023-10-13 00:39:30,Case Was Received and A Receipt Notice Was Sent,"On October 6, 2023, we received your Form I-129, Petition for a Nonimmigrant Worker, Receipt Number EAC2400450864, and sent you a receipt notice or acceptance notice. The notice describes how we will process your case. Please follow the instructions in the notice. If you move, go to www.uscis.gov/addresschange to give us your new mailing address."
2023-10-13 00:51:11,Case Was Received and A Receipt Notice Was Sent,"On October 6, 2023, we received your Form I-129, Petition for a Nonimmigrant Worker, Receipt Number EAC2400450864, and sent you a receipt notice or acceptance notice. The notice describes how we will process your case. Please follow the instructions in the notice. If you move, go to www.uscis.gov/addresschange to give us your new mailing address."
2023-10-13 01:07:30,Case Was Received and A Receipt Notice Was Sent,"On October 6, 2023, we received your Form I-129, Petition for a Nonimmigrant Worker, Receipt Number EAC2400450864, and sent you a receipt notice or acceptance notice. The notice describes how we will process your case. Please follow the instructions in the notice. If you move, go to www.uscis.gov/addresschange to give us your new mailing address."
2023-10-13 01:26:27,Check Case Status,Already have an Account? Login
2023-10-13 01:38:01,Case Was Received and A Receipt Notice Was Sent,"On October 6, 2023, we received your Form I-129, Petition for a Nonimmigrant Worker, Receipt Number EAC2400450864, and sent you a receipt notice or acceptance notice. The notice describes how we will process your case. Please follow the instructions in the notice. If you move, go to www.uscis.gov/addresschange to give us your new mailing address."
2023-10-13 01:49:31,Case Was Received and A Receipt Notice Was Sent,"On October 6, 2023, we received your Form I-129, Petition for a Nonimmigrant Worker, Receipt Number EAC2400450864, and sent you a receipt notice or acceptance notice. The notice describes how we will process your case. Please follow the instructions in the notice. If you move, go to www.uscis.gov/addresschange to give us your new mailing address."
2023-10-13 02:01:08,Check Case Status,Already have an Account? Login
2023-10-13 02:27:52,Case Was Received and A Receipt Notice Was Sent,"On October 6, 2023, we received your Form I-129, Petition for a Nonimmigrant Worker, Receipt Number EAC2400450864, and sent you a receipt notice or acceptance notice. The notice describes how we will process your case. Please follow the instructions in the notice. If you move, go to www.uscis.gov/addresschange to give us your new mailing address."
2023-10-13 02:41:40,Case Was Received and A Receipt Notice Was Sent,"On October 6, 2023, we received your Form I-129, Petition for a Nonimmigrant Worker, Receipt Number EAC2400450864, and sent you a receipt notice or acceptance notice. The notice describes how we will process your case. Please follow the instructions in the notice. If you move, go to www.uscis.gov/addresschange to give us your new mailing address."
2023-10-13 02:57:53,Case Was Received and A Receipt Notice Was Sent,"On October 6, 2023, we received your Form I-129, Petition for a Nonimmigrant Worker, Receipt Number EAC2400450864, and sent you a receipt notice or acceptance notice. The notice describes how we will process your case. Please follow the instructions in the notice. If you move, go to www.uscis.gov/addresschange to give us your new mailing address."
2023-10-13 03:18:20,Case Was Received and A Receipt Notice Was Sent,"On October 6, 2023, we received your Form I-129, Petition for a Nonimmigrant Worker, Receipt Number EAC2400450864, and sent you a receipt notice or acceptance notice. The notice describes how we will process your case. Please follow the instructions in the notice. If you move, go to www.uscis.gov/addresschange to give us your new mailing address."
2023-10-13 03:30:06,Check Case Status,Already have an Account? Login
2023-10-13 03:41:49,Case Was Received and A Receipt Notice Was Sent,"On October 6, 2023, we received your Form I-129, Petition for a Nonimmigrant Worker, Receipt Number EAC2400450864, and sent you a receipt notice or acceptance notice. The notice describes how we will process your case. Please follow the instructions in the notice. If you move, go to www.uscis.gov/addresschange to give us your new mailing address."
2023-10-13 03:57:38,Case Was Received and A Receipt Notice Was Sent,"On October 6, 2023, we received your Form I-129, Petition for a Nonimmigrant Worker, Receipt Number EAC2400450864, and sent you a receipt notice or acceptance notice. The notice describes how we will process your case. Please follow the instructions in the notice. If you move, go to www.uscis.gov/addresschange to give us your new mailing address."
2023-10-13 04:24:11,Case Was Received and A Receipt Notice Was Sent,"On October 6, 2023, we received your Form I-129, Petition for a Nonimmigrant Worker, Receipt Number EAC2400450864, and sent you a receipt notice or acceptance notice. The notice describes how we will process your case. Please follow the instructions in the notice. If you move, go to www.uscis.gov/addresschange to give us your new mailing address."
2023-10-13 04:39:05,Check Case Status,Already have an Account? Login
2023-10-13 04:51:06,Case Was Received and A Receipt Notice Was Sent,"On October 6, 2023, we received your Form I-129, Petition for a Nonimmigrant Worker, Receipt Number EAC2400450864, and sent you a receipt notice or acceptance notice. The notice describes how we will process your case. Please follow the instructions in the notice. If you move, go to www.uscis.gov/addresschange to give us your new mailing address."
2023-10-13 05:07:56,Case Was Received and A Receipt Notice Was Sent,"On October 6, 2023, we received your Form I-129, Petition for a Nonimmigrant Worker, Receipt Number EAC2400450864, and sent you a receipt notice or acceptance notice. The notice describes how we will process your case. Please follow the instructions in the notice. If you move, go to www.uscis.gov/addresschange to give us your new mailing address."
2023-10-13 05:23:48,Check Case Status,Already have an Account? Login
2023-10-13 05:38:14,Case Was Received and A Receipt Notice Was Sent,"On October 6, 2023, we received your Form I-129, Petition for a Nonimmigrant Worker, Receipt Number EAC2400450864, and sent you a receipt notice or acceptance notice. The notice describes how we will process your case. Please follow the instructions in the notice. If you move, go to www.uscis.gov/addresschange to give us your new mailing address."
2023-10-13 05:49:47,Case Was Received and A Receipt Notice Was Sent,"On October 6, 2023, we received your Form I-129, Petition for a Nonimmigrant Worker, Receipt Number EAC2400450864, and sent you a receipt notice or acceptance notice. The notice describes how we will process your case. Please follow the instructions in the notice. If you move, go to www.uscis.gov/addresschange to give us your new mailing address."
2023-10-13 06:01:35,Case Was Received and A Receipt Notice Was Sent,"On October 6, 2023, we received your Form I-129, Petition for a Nonimmigrant Worker, Receipt Number EAC2400450864, and sent you a receipt notice or acceptance notice. The notice describes how we will process your case. Please follow the instructions in the notice. If you move, go to www.uscis.gov/addresschange to give us your new mailing address."
2023-10-13 06:28:10,Case Was Received and A Receipt Notice Was Sent,"On October 6, 2023, we received your Form I-129, Petition for a Nonimmigrant Worker, Receipt Number EAC2400450864, and sent you a receipt notice or acceptance notice. The notice describes how we will process your case. Please follow the instructions in the notice. If you move, go to www.uscis.gov/addresschange to give us your new mailing address."
2023-10-13 06:40:10,Case Was Received and A Receipt Notice Was Sent,"On October 6, 2023, we received your Form I-129, Petition for a Nonimmigrant Worker, Receipt Number EAC2400450864, and sent you a receipt notice or acceptance notice. The notice describes how we will process your case. Please follow the instructions in the notice. If you move, go to www.uscis.gov/addresschange to give us your new mailing address."
2023-10-13 06:51:55,Case Was Received and A Receipt Notice Was Sent,"On October 6, 2023, we received your Form I-129, Petition for a Nonimmigrant Worker, Receipt Number EAC2400450864, and sent you a receipt notice or acceptance notice. The notice describes how we will process your case. Please follow the instructions in the notice. If you move, go to www.uscis.gov/addresschange to give us your new mailing address."
2023-10-13 07:14:12,Case Was Received and A Receipt Notice Was Sent,"On October 6, 2023, we received your Form I-129, Petition for a Nonimmigrant Worker, Receipt Number EAC2400450864, and sent you a receipt notice or acceptance notice. The notice describes how we will process your case. Please follow the instructions in the notice. If you move, go to www.uscis.gov/addresschange to give us your new mailing address."
2023-10-13 07:27:53,Case Was Received and A Receipt Notice Was Sent,"On October 6, 2023, we received your Form I-129, Petition for a Nonimmigrant Worker, Receipt Number EAC2400450864, and sent you a receipt notice or acceptance notice. The notice describes how we will process your case. Please follow the instructions in the notice. If you move, go to www.uscis.gov/addresschange to give us your new mailing address."
2023-10-13 07:39:48,Check Case Status,Already have an Account? Login
2023-10-13 07:51:08,Case Was Received and A Receipt Notice Was Sent,"On October 6, 2023, we received your Form I-129, Petition for a Nonimmigrant Worker, Receipt Number EAC2400450864, and sent you a receipt notice or acceptance notice. The notice describes how we will process your case. Please follow the instructions in the notice. If you move, go to www.uscis.gov/addresschange to give us your new mailing address."
2023-10-13 08:13:58,Check Case Status,Already have an Account? Login
2023-10-13 08:47:08,Check Case Status,Already have an Account? Login
2023-10-13 09:06:45,Check Case Status,Already have an Account? Login
2023-10-13 09:28:30,Case Was Received and A Receipt Notice Was Sent,"On October 6, 2023, we received your Form I-129, Petition for a Nonimmigrant Worker, Receipt Number EAC2400450864, and sent you a receipt notice or acceptance notice. The notice describes how we will process your case. Please follow the instructions in the notice. If you move, go to www.uscis.gov/addresschange to give us your new mailing address."
2023-10-13 09:40:29,Case Was Received and A Receipt Notice Was Sent,"On October 6, 2023, we received your Form I-129, Petition for a Nonimmigrant Worker, Receipt Number EAC2400450864, and sent you a receipt notice or acceptance notice. The notice describes how we will process your case. Please follow the instructions in the notice. If you move, go to www.uscis.gov/addresschange to give us your new mailing address."
2023-10-13 09:56:01,Check Case Status,"On October 6, 2023, we received your Form I-129, Petition for a Nonimmigrant Worker, Receipt Number EAC2400450864, and sent you a receipt notice or acceptance notice. The notice describes how we will process your case. Please follow the instructions in the notice. If you move, go to www.uscis.gov/addresschange to give us your new mailing address."
2023-10-13 10:15:34,Case Was Received and A Receipt Notice Was Sent,"On October 6, 2023, we received your Form I-129, Petition for a Nonimmigrant Worker, Receipt Number EAC2400450864, and sent you a receipt notice or acceptance notice. The notice describes how we will process your case. Please follow the instructions in the notice. If you move, go to www.uscis.gov/addresschange to give us your new mailing address."
2023-10-13 10:31:33,Case Was Received and A Receipt Notice Was Sent,"On October 6, 2023, we received your Form I-129, Petition for a Nonimmigrant Worker, Receipt Number EAC2400450864, and sent you a receipt notice or acceptance notice. The notice describes how we will process your case. Please follow the instructions in the notice. If you move, go to www.uscis.gov/addresschange to give us your new mailing address."
2023-10-13 10:43:04,Case Was Received and A Receipt Notice Was Sent,"On October 6, 2023, we received your Form I-129, Petition for a Nonimmigrant Worker, Receipt Number EAC2400450864, and sent you a receipt notice or acceptance notice. The notice describes how we will process your case. Please follow the instructions in the notice. If you move, go to www.uscis.gov/addresschange to give us your new mailing address."
2023-10-13 10:58:32,Case Was Received and A Receipt Notice Was Sent,"On October 6, 2023, we received your Form I-129, Petition for a Nonimmigrant Worker, Receipt Number EAC2400450864, and sent you a receipt notice or acceptance notice. The notice describes how we will process your case. Please follow the instructions in the notice. If you move, go to www.uscis.gov/addresschange to give us your new mailing address."
2023-10-13 11:20:20,Case Was Received and A Receipt Notice Was Sent,"On October 6, 2023, we received your Form I-129, Petition for a Nonimmigrant Worker, Receipt Number EAC2400450864, and sent you a receipt notice or acceptance notice. The notice describes how we will process your case. Please follow the instructions in the notice. If you move, go to www.uscis.gov/addresschange to give us your new mailing address."
2023-10-13 11:31:53,Case Was Received and A Receipt Notice Was Sent,"On October 6, 2023, we received your Form I-129, Petition for a Nonimmigrant Worker, Receipt Number EAC2400450864, and sent you a receipt notice or acceptance notice. The notice describes how we will process your case. Please follow the instructions in the notice. If you move, go to www.uscis.gov/addresschange to give us your new mailing address."
2023-10-13 11:43:49,Case Was Received and A Receipt Notice Was Sent,"On October 6, 2023, we received your Form I-129, Petition for a Nonimmigrant Worker, Receipt Number EAC2400450864, and sent you a receipt notice or acceptance notice. The notice describes how we will process your case. Please follow the instructions in the notice. If you move, go to www.uscis.gov/addresschange to give us your new mailing address."
2023-10-13 11:58:16,Check Case Status,Already have an Account? Login
2023-10-13 12:24:51,Case Was Received and A Receipt Notice Was Sent,"On October 6, 2023, we received your Form I-129, Petition for a Nonimmigrant Worker, Receipt Number EAC2400450864, and sent you a receipt notice or acceptance notice. The notice describes how we will process your case. Please follow the instructions in the notice. If you move, go to www.uscis.gov/addresschange to give us your new mailing address."
2023-10-13 12:41:46,Case Was Received and A Receipt Notice Was Sent,"On October 6, 2023, we received your Form I-129, Petition for a Nonimmigrant Worker, Receipt Number EAC2400450864, and sent you a receipt notice or acceptance notice. The notice describes how we will process your case. Please follow the instructions in the notice. If you move, go to www.uscis.gov/addresschange to give us your new mailing address."
2023-10-13 12:52:36,Check Case Status,Already have an Account? Login
2023-10-13 13:14:46,Check Case Status,Already have an Account? Login
2023-10-13 13:29:41,Case Was Received and A Receipt Notice Was Sent,"On October 6, 2023, we received your Form I-129, Petition for a Nonimmigrant Worker, Receipt Number EAC2400450864, and sent you a receipt notice or acceptance notice. The notice describes how we will process your case. Please follow the instructions in the notice. If you move, go to www.uscis.gov/addresschange to give us your new mailing address."
2023-10-13 13:52:43,Case Was Received and A Receipt Notice Was Sent,"On October 6, 2023, we received your Form I-129, Petition for a Nonimmigrant Worker, Receipt Number EAC2400450864, and sent you a receipt notice or acceptance notice. The notice describes how we will process your case. Please follow the instructions in the notice. If you move, go to www.uscis.gov/addresschange to give us your new mailing address."
2023-10-13 14:22:12,Case Was Received and A Receipt Notice Was Sent,"On October 6, 2023, we received your Form I-129, Petition for a Nonimmigrant Worker, Receipt Number EAC2400450864, and sent you a receipt notice or acceptance notice. The notice describes how we will process your case. Please follow the instructions in the notice. If you move, go to www.uscis.gov/addresschange to give us your new mailing address."
2023-10-13 14:40:08,Case Was Received and A Receipt Notice Was Sent,"On October 6, 2023, we received your Form I-129, Petition for a Nonimmigrant Worker, Receipt Number EAC2400450864, and sent you a receipt notice or acceptance notice. The notice describes how we will process your case. Please follow the instructions in the notice. If you move, go to www.uscis.gov/addresschange to give us your new mailing address."
2023-10-13 14:51:44,Case Was Received and A Receipt Notice Was Sent,"On October 6, 2023, we received your Form I-129, Petition for a Nonimmigrant Worker, Receipt Number EAC2400450864, and sent you a receipt notice or acceptance notice. The notice describes how we will process your case. Please follow the instructions in the notice. If you move, go to www.uscis.gov/addresschange to give us your new mailing address."
2023-10-13 15:06:13,Case Was Received and A Receipt Notice Was Sent,"On October 6, 2023, we received your Form I-129, Petition for a Nonimmigrant Worker, Receipt Number EAC2400450864, and sent you a receipt notice or acceptance notice. The notice describes how we will process your case. Please follow the instructions in the notice. If you move, go to www.uscis.gov/addresschange to give us your new mailing address."
2023-10-13 15:18:51,Case Was Received and A Receipt Notice Was Sent,"On October 6, 2023, we received your Form I-129, Petition for a Nonimmigrant Worker, Receipt Number EAC2400450864, and sent you a receipt notice or acceptance notice. The notice describes how we will process your case. Please follow the instructions in the notice. If you move, go to www.uscis.gov/addresschange to give us your new mailing address."
2023-10-13 15:30:18,Case Was Received and A Receipt Notice Was Sent,"On October 6, 2023, we received your Form I-129, Petition for a Nonimmigrant Worker, Receipt Number EAC2400450864, and sent you a receipt notice or acceptance notice. The notice describes how we will process your case. Please follow the instructions in the notice. If you move, go to www.uscis.gov/addresschange to give us your new mailing address."
2023-10-13 15:42:17,Case Was Received and A Receipt Notice Was Sent,"On October 6, 2023, we received your Form I-129, Petition for a Nonimmigrant Worker, Receipt Number EAC2400450864, and sent you a receipt notice or acceptance notice. The notice describes how we will process your case. Please follow the instructions in the notice. If you move, go to www.uscis.gov/addresschange to give us your new mailing address."
2023-10-13 15:58:12,Case Was Received and A Receipt Notice Was Sent,"On October 6, 2023, we received your Form I-129, Petition for a Nonimmigrant Worker, Receipt Number EAC2400450864, and sent you a receipt notice or acceptance notice. The notice describes how we will process your case. Please follow the instructions in the notice. If you move, go to www.uscis.gov/addresschange to give us your new mailing address."
2023-10-13 16:20:42,Case Was Received and A Receipt Notice Was Sent,"On October 6, 2023, we received your Form I-129, Petition for a Nonimmigrant Worker, Receipt Number EAC2400450864, and sent you a receipt notice or acceptance notice. The notice describes how we will process your case. Please follow the instructions in the notice. If you move, go to www.uscis.gov/addresschange to give us your new mailing address."
2023-10-13 16:32:40,Case Was Received and A Receipt Notice Was Sent,"On October 6, 2023, we received your Form I-129, Petition for a Nonimmigrant Worker, Receipt Number EAC2400450864, and sent you a receipt notice or acceptance notice. The notice describes how we will process your case. Please follow the instructions in the notice. If you move, go to www.uscis.gov/addresschange to give us your new mailing address."
2023-10-13 16:48:12,Check Case Status,Already have an Account? Login
2023-10-13 16:59:50,Case Was Received and A Receipt Notice Was Sent,"On October 6, 2023, we received your Form I-129, Petition for a Nonimmigrant Worker, Receipt Number EAC2400450864, and sent you a receipt notice or acceptance notice. The notice describes how we will process your case. Please follow the instructions in the notice. If you move, go to www.uscis.gov/addresschange to give us your new mailing address."
2023-10-13 17:17:56,Case Was Received and A Receipt Notice Was Sent,"On October 6, 2023, we received your Form I-129, Petition for a Nonimmigrant Worker, Receipt Number EAC2400450864, and sent you a receipt notice or acceptance notice. The notice describes how we will process your case. Please follow the instructions in the notice. If you move, go to www.uscis.gov/addresschange to give us your new mailing address."
2023-10-13 17:29:07,Check Case Status,Already have an Account? Login
2023-10-13 17:41:01,Check Case Status,Already have an Account? Login
2023-10-13 17:52:18,Case Was Received and A Receipt Notice Was Sent,"On October 6, 2023, we received your Form I-129, Petition for a Nonimmigrant Worker, Receipt Number EAC2400450864, and sent you a receipt notice or acceptance notice. The notice describes how we will process your case. Please follow the instructions in the notice. If you move, go to www.uscis.gov/addresschange to give us your new mailing address."
2023-10-13 18:31:04,Case Was Received and A Receipt Notice Was Sent,"On October 6, 2023, we received your Form I-129, Petition for a Nonimmigrant Worker, Receipt Number EAC2400450864, and sent you a receipt notice or acceptance notice. The notice describes how we will process your case. Please follow the instructions in the notice. If you move, go to www.uscis.gov/addresschange to give us your new mailing address."
2023-10-13 18:42:32,Check Case Status,"On October 6, 2023, we received your Form I-129, Petition for a Nonimmigrant Worker, Receipt Number EAC2400450864, and sent you a receipt notice or acceptance notice. The notice describes how we will process your case. Please follow the instructions in the notice. If you move, go to www.uscis.gov/addresschange to give us your new mailing address."
2023-10-13 18:58:41,Case Was Received and A Receipt Notice Was Sent,"On October 6, 2023, we received your Form I-129, Petition for a Nonimmigrant Worker, Receipt Number EAC2400450864, and sent you a receipt notice or acceptance notice. The notice describes how we will process your case. Please follow the instructions in the notice. If you move, go to www.uscis.gov/addresschange to give us your new mailing address."
2023-10-13 19:19:14,Case Was Received and A Receipt Notice Was Sent,"On October 6, 2023, we received your Form I-129, Petition for a Nonimmigrant Worker, Receipt Number EAC2400450864, and sent you a receipt notice or acceptance notice. The notice describes how we will process your case. Please follow the instructions in the notice. If you move, go to www.uscis.gov/addresschange to give us your new mailing address."
2023-10-13 19:42:27,Case Was Received and A Receipt Notice Was Sent,"On October 6, 2023, we received your Form I-129, Petition for a Nonimmigrant Worker, Receipt Number EAC2400450864, and sent you a receipt notice or acceptance notice. The notice describes how we will process your case. Please follow the instructions in the notice. If you move, go to www.uscis.gov/addresschange to give us your new mailing address."
2023-10-13 19:58:43,Check Case Status,"On October 6, 2023, we received your Form I-129, Petition for a Nonimmigrant Worker, Receipt Number EAC2400450864, and sent you a receipt notice or acceptance notice. The notice describes how we will process your case. Please follow the instructions in the notice. If you move, go to www.uscis.gov/addresschange to give us your new mailing address."
2023-10-13 21:17:47,Case Was Received and A Receipt Notice Was Sent,"On October 6, 2023, we received your Form I-129, Petition for a Nonimmigrant Worker, Receipt Number EAC2400450864, and sent you a receipt notice or acceptance notice. The notice describes how we will process your case. Please follow the instructions in the notice. If you move, go to www.uscis.gov/addresschange to give us your new mailing address."
2023-10-13 21:58:48,Case Was Received and A Receipt Notice Was Sent,"On October 6, 2023, we received your Form I-129, Petition for a Nonimmigrant Worker, Receipt Number EAC2400450864, and sent you a receipt notice or acceptance notice. The notice describes how we will process your case. Please follow the instructions in the notice. If you move, go to www.uscis.gov/addresschange to give us your new mailing address."
2023-10-13 22:22:59,Case Was Received and A Receipt Notice Was Sent,"On October 6, 2023, we received your Form I-129, Petition for a Nonimmigrant Worker, Receipt Number EAC2400450864, and sent you a receipt notice or acceptance notice. The notice describes how we will process your case. Please follow the instructions in the notice. If you move, go to www.uscis.gov/addresschange to give us your new mailing address."
2023-10-13 22:50:24,Case Was Received and A Receipt Notice Was Sent,"On October 6, 2023, we received your Form I-129, Petition for a Nonimmigrant Worker, Receipt Number EAC2400450864, and sent you a receipt notice or acceptance notice. The notice describes how we will process your case. Please follow the instructions in the notice. If you move, go to www.uscis.gov/addresschange to give us your new mailing address."
2023-10-13 23:01:33,Case Was Received and A Receipt Notice Was Sent,"On October 6, 2023, we received your Form I-129, Petition for a Nonimmigrant Worker, Receipt Number EAC2400450864, and sent you a receipt notice or acceptance notice. The notice describes how we will process your case. Please follow the instructions in the notice. If you move, go to www.uscis.gov/addresschange to give us your new mailing address."
2023-10-13 23:20:04,Case Was Received and A Receipt Notice Was Sent,"On October 6, 2023, we received your Form I-129, Petition for a Nonimmigrant Worker, Receipt Number EAC2400450864, and sent you a receipt notice or acceptance notice. The notice describes how we will process your case. Please follow the instructions in the notice. If you move, go to www.uscis.gov/addresschange to give us your new mailing address."
2023-10-13 23:31:52,Case Was Received and A Receipt Notice Was Sent,"On October 6, 2023, we received your Form I-129, Petition for a Nonimmigrant Worker, Receipt Number EAC2400450864, and sent you a receipt notice or acceptance notice. The notice describes how we will process your case. Please follow the instructions in the notice. If you move, go to www.uscis.gov/addresschange to give us your new mailing address."
2023-10-13 23:43:11,Case Was Received and A Receipt Notice Was Sent,"On October 6, 2023, we received your Form I-129, Petition for a Nonimmigrant Worker, Receipt Number EAC2400450864, and sent you a receipt notice or acceptance notice. The notice describes how we will process your case. Please follow the instructions in the notice. If you move, go to www.uscis.gov/addresschange to give us your new mailing address."
2023-10-13 23:58:44,Case Was Received and A Receipt Notice Was Sent,"On October 6, 2023, we received your Form I-129, Petition for a Nonimmigrant Worker, Receipt Number EAC2400450864, and sent you a receipt notice or acceptance notice. The notice describes how we will process your case. Please follow the instructions in the notice. If you move, go to www.uscis.gov/addresschange to give us your new mailing address."
2023-10-14 00:22:23,Case Was Received and A Receipt Notice Was Sent,"On October 6, 2023, we received your Form I-129, Petition for a Nonimmigrant Worker, Receipt Number EAC2400450864, and sent you a receipt notice or acceptance notice. The notice describes how we will process your case. Please follow the instructions in the notice. If you move, go to www.uscis.gov/addresschange to give us your new mailing address."
2023-10-14 00:38:42,Case Was Received and A Receipt Notice Was Sent,"On October 6, 2023, we received your Form I-129, Petition for a Nonimmigrant Worker, Receipt Number EAC2400450864, and sent you a receipt notice or acceptance notice. The notice describes how we will process your case. Please follow the instructions in the notice. If you move, go to www.uscis.gov/addresschange to give us your new mailing address."
2023-10-14 00:49:50,Case Was Received and A Receipt Notice Was Sent,"On October 6, 2023, we received your Form I-129, Petition for a Nonimmigrant Worker, Receipt Number EAC2400450864, and sent you a receipt notice or acceptance notice. The notice describes how we will process your case. Please follow the instructions in the notice. If you move, go to www.uscis.gov/addresschange to give us your new mailing address."
2023-10-14 01:02:04,Case Was Received and A Receipt Notice Was Sent,"On October 6, 2023, we received your Form I-129, Petition for a Nonimmigrant Worker, Receipt Number EAC2400450864, and sent you a receipt notice or acceptance notice. The notice describes how we will process your case. Please follow the instructions in the notice. If you move, go to www.uscis.gov/addresschange to give us your new mailing address."
2023-10-14 01:20:56,Case Was Received and A Receipt Notice Was Sent,"On October 6, 2023, we received your Form I-129, Petition for a Nonimmigrant Worker, Receipt Number EAC2400450864, and sent you a receipt notice or acceptance notice. The notice describes how we will process your case. Please follow the instructions in the notice. If you move, go to www.uscis.gov/addresschange to give us your new mailing address."
2023-10-14 01:32:55,Case Was Received and A Receipt Notice Was Sent,"On October 6, 2023, we received your Form I-129, Petition for a Nonimmigrant Worker, Receipt Number EAC2400450864, and sent you a receipt notice or acceptance notice. The notice describes how we will process your case. Please follow the instructions in the notice. If you move, go to www.uscis.gov/addresschange to give us your new mailing address."
2023-10-14 01:48:19,Case Was Received and A Receipt Notice Was Sent,"On October 6, 2023, we received your Form I-129, Petition for a Nonimmigrant Worker, Receipt Number EAC2400450864, and sent you a receipt notice or acceptance notice. The notice describes how we will process your case. Please follow the instructions in the notice. If you move, go to www.uscis.gov/addresschange to give us your new mailing address."
2023-10-14 01:59:59,Case Was Received and A Receipt Notice Was Sent,"On October 6, 2023, we received your Form I-129, Petition for a Nonimmigrant Worker, Receipt Number EAC2400450864, and sent you a receipt notice or acceptance notice. The notice describes how we will process your case. Please follow the instructions in the notice. If you move, go to www.uscis.gov/addresschange to give us your new mailing address."
2023-10-14 02:24:50,Case Was Received and A Receipt Notice Was Sent,"On October 6, 2023, we received your Form I-129, Petition for a Nonimmigrant Worker, Receipt Number EAC2400450864, and sent you a receipt notice or acceptance notice. The notice describes how we will process your case. Please follow the instructions in the notice. If you move, go to www.uscis.gov/addresschange to give us your new mailing address."
2023-10-14 02:38:46,Case Was Received and A Receipt Notice Was Sent,"On October 6, 2023, we received your Form I-129, Petition for a Nonimmigrant Worker, Receipt Number EAC2400450864, and sent you a receipt notice or acceptance notice. The notice describes how we will process your case. Please follow the instructions in the notice. If you move, go to www.uscis.gov/addresschange to give us your new mailing address."
2023-10-14 02:50:34,Case Was Received and A Receipt Notice Was Sent,"On October 6, 2023, we received your Form I-129, Petition for a Nonimmigrant Worker, Receipt Number EAC2400450864, and sent you a receipt notice or acceptance notice. The notice describes how we will process your case. Please follow the instructions in the notice. If you move, go to www.uscis.gov/addresschange to give us your new mailing address."
2023-10-14 03:02:50,Case Was Received and A Receipt Notice Was Sent,"On October 6, 2023, we received your Form I-129, Petition for a Nonimmigrant Worker, Receipt Number EAC2400450864, and sent you a receipt notice or acceptance notice. The notice describes how we will process your case. Please follow the instructions in the notice. If you move, go to www.uscis.gov/addresschange to give us your new mailing address."
2023-10-14 03:19:50,Case Was Received and A Receipt Notice Was Sent,"On October 6, 2023, we received your Form I-129, Petition for a Nonimmigrant Worker, Receipt Number EAC2400450864, and sent you a receipt notice or acceptance notice. The notice describes how we will process your case. Please follow the instructions in the notice. If you move, go to www.uscis.gov/addresschange to give us your new mailing address."
2023-10-14 03:31:03,Case Was Received and A Receipt Notice Was Sent,"On October 6, 2023, we received your Form I-129, Petition for a Nonimmigrant Worker, Receipt Number EAC2400450864, and sent you a receipt notice or acceptance notice. The notice describes how we will process your case. Please follow the instructions in the notice. If you move, go to www.uscis.gov/addresschange to give us your new mailing address."
2023-10-14 03:42:34,Check Case Status,"On October 6, 2023, we received your Form I-129, Petition for a Nonimmigrant Worker, Receipt Number EAC2400450864, and sent you a receipt notice or acceptance notice. The notice describes how we will process your case. Please follow the instructions in the notice. If you move, go to www.uscis.gov/addresschange to give us your new mailing address."
2023-10-14 03:58:37,Case Was Received and A Receipt Notice Was Sent,"On October 6, 2023, we received your Form I-129, Petition for a Nonimmigrant Worker, Receipt Number EAC2400450864, and sent you a receipt notice or acceptance notice. The notice describes how we will process your case. Please follow the instructions in the notice. If you move, go to www.uscis.gov/addresschange to give us your new mailing address."
2023-10-14 04:21:37,Case Was Received and A Receipt Notice Was Sent,"On October 6, 2023, we received your Form I-129, Petition for a Nonimmigrant Worker, Receipt Number EAC2400450864, and sent you a receipt notice or acceptance notice. The notice describes how we will process your case. Please follow the instructions in the notice. If you move, go to www.uscis.gov/addresschange to give us your new mailing address."
2023-10-14 04:33:07,Case Was Received and A Receipt Notice Was Sent,"On October 6, 2023, we received your Form I-129, Petition for a Nonimmigrant Worker, Receipt Number EAC2400450864, and sent you a receipt notice or acceptance notice. The notice describes how we will process your case. Please follow the instructions in the notice. If you move, go to www.uscis.gov/addresschange to give us your new mailing address."
2023-10-14 04:48:25,Case Was Received and A Receipt Notice Was Sent,"On October 6, 2023, we received your Form I-129, Petition for a Nonimmigrant Worker, Receipt Number EAC2400450864, and sent you a receipt notice or acceptance notice. The notice describes how we will process your case. Please follow the instructions in the notice. If you move, go to www.uscis.gov/addresschange to give us your new mailing address."
2023-10-14 04:59:59,Case Was Received and A Receipt Notice Was Sent,"On October 6, 2023, we received your Form I-129, Petition for a Nonimmigrant Worker, Receipt Number EAC2400450864, and sent you a receipt notice or acceptance notice. The notice describes how we will process your case. Please follow the instructions in the notice. If you move, go to www.uscis.gov/addresschange to give us your new mailing address."
2023-10-14 05:17:28,Case Was Received and A Receipt Notice Was Sent,"On October 6, 2023, we received your Form I-129, Petition for a Nonimmigrant Worker, Receipt Number EAC2400450864, and sent you a receipt notice or acceptance notice. The notice describes how we will process your case. Please follow the instructions in the notice. If you move, go to www.uscis.gov/addresschange to give us your new mailing address."
2023-10-14 05:29:26,Case Was Received and A Receipt Notice Was Sent,"On October 6, 2023, we received your Form I-129, Petition for a Nonimmigrant Worker, Receipt Number EAC2400450864, and sent you a receipt notice or acceptance notice. The notice describes how we will process your case. Please follow the instructions in the notice. If you move, go to www.uscis.gov/addresschange to give us your new mailing address."
2023-10-14 05:41:14,Case Was Received and A Receipt Notice Was Sent,"On October 6, 2023, we received your Form I-129, Petition for a Nonimmigrant Worker, Receipt Number EAC2400450864, and sent you a receipt notice or acceptance notice. The notice describes how we will process your case. Please follow the instructions in the notice. If you move, go to www.uscis.gov/addresschange to give us your new mailing address."
2023-10-14 05:52:28,Case Was Received and A Receipt Notice Was Sent,"On October 6, 2023, we received your Form I-129, Petition for a Nonimmigrant Worker, Receipt Number EAC2400450864, and sent you a receipt notice or acceptance notice. The notice describes how we will process your case. Please follow the instructions in the notice. If you move, go to www.uscis.gov/addresschange to give us your new mailing address."
2023-10-14 06:15:57,Case Was Received and A Receipt Notice Was Sent,"On October 6, 2023, we received your Form I-129, Petition for a Nonimmigrant Worker, Receipt Number EAC2400450864, and sent you a receipt notice or acceptance notice. The notice describes how we will process your case. Please follow the instructions in the notice. If you move, go to www.uscis.gov/addresschange to give us your new mailing address."
2023-10-14 06:30:10,Case Was Received and A Receipt Notice Was Sent,"On October 6, 2023, we received your Form I-129, Petition for a Nonimmigrant Worker, Receipt Number EAC2400450864, and sent you a receipt notice or acceptance notice. The notice describes how we will process your case. Please follow the instructions in the notice. If you move, go to www.uscis.gov/addresschange to give us your new mailing address."
2023-10-14 06:41:33,Case Was Received and A Receipt Notice Was Sent,"On October 6, 2023, we received your Form I-129, Petition for a Nonimmigrant Worker, Receipt Number EAC2400450864, and sent you a receipt notice or acceptance notice. The notice describes how we will process your case. Please follow the instructions in the notice. If you move, go to www.uscis.gov/addresschange to give us your new mailing address."
2023-10-14 07:13:24,Check Case Status,Already have an Account? Login
2023-10-14 07:28:27,Case Was Received and A Receipt Notice Was Sent,"On October 6, 2023, we received your Form I-129, Petition for a Nonimmigrant Worker, Receipt Number EAC2400450864, and sent you a receipt notice or acceptance notice. The notice describes how we will process your case. Please follow the instructions in the notice. If you move, go to www.uscis.gov/addresschange to give us your new mailing address."
2023-10-14 07:39:57,Case Was Received and A Receipt Notice Was Sent,"On October 6, 2023, we received your Form I-129, Petition for a Nonimmigrant Worker, Receipt Number EAC2400450864, and sent you a receipt notice or acceptance notice. The notice describes how we will process your case. Please follow the instructions in the notice. If you move, go to www.uscis.gov/addresschange to give us your new mailing address."
2023-10-14 07:51:40,Case Was Received and A Receipt Notice Was Sent,"On October 6, 2023, we received your Form I-129, Petition for a Nonimmigrant Worker, Receipt Number EAC2400450864, and sent you a receipt notice or acceptance notice. The notice describes how we will process your case. Please follow the instructions in the notice. If you move, go to www.uscis.gov/addresschange to give us your new mailing address."
2023-10-14 08:12:52,Case Was Received and A Receipt Notice Was Sent,"On October 6, 2023, we received your Form I-129, Petition for a Nonimmigrant Worker, Receipt Number EAC2400450864, and sent you a receipt notice or acceptance notice. The notice describes how we will process your case. Please follow the instructions in the notice. If you move, go to www.uscis.gov/addresschange to give us your new mailing address."
2023-10-14 08:43:28,Case Was Received and A Receipt Notice Was Sent,"On October 6, 2023, we received your Form I-129, Petition for a Nonimmigrant Worker, Receipt Number EAC2400450864, and sent you a receipt notice or acceptance notice. The notice describes how we will process your case. Please follow the instructions in the notice. If you move, go to www.uscis.gov/addresschange to give us your new mailing address."
2023-10-14 09:00:10,Check Case Status,Already have an Account? Login
2023-10-14 09:32:20,Case Was Received and A Receipt Notice Was Sent,"On October 6, 2023, we received your Form I-129, Petition for a Nonimmigrant Worker, Receipt Number EAC2400450864, and sent you a receipt notice or acceptance notice. The notice describes how we will process your case. Please follow the instructions in the notice. If you move, go to www.uscis.gov/addresschange to give us your new mailing address."
2023-10-14 09:48:19,Case Was Received and A Receipt Notice Was Sent,"On October 6, 2023, we received your Form I-129, Petition for a Nonimmigrant Worker, Receipt Number EAC2400450864, and sent you a receipt notice or acceptance notice. The notice describes how we will process your case. Please follow the instructions in the notice. If you move, go to www.uscis.gov/addresschange to give us your new mailing address."
2023-10-14 10:00:04,Case Was Received and A Receipt Notice Was Sent,"On October 6, 2023, we received your Form I-129, Petition for a Nonimmigrant Worker, Receipt Number EAC2400450864, and sent you a receipt notice or acceptance notice. The notice describes how we will process your case. Please follow the instructions in the notice. If you move, go to www.uscis.gov/addresschange to give us your new mailing address."
2023-10-14 10:17:35,Case Was Received and A Receipt Notice Was Sent,"On October 6, 2023, we received your Form I-129, Petition for a Nonimmigrant Worker, Receipt Number EAC2400450864, and sent you a receipt notice or acceptance notice. The notice describes how we will process your case. Please follow the instructions in the notice. If you move, go to www.uscis.gov/addresschange to give us your new mailing address."
2023-10-14 10:29:28,Case Was Received and A Receipt Notice Was Sent,"On October 6, 2023, we received your Form I-129, Petition for a Nonimmigrant Worker, Receipt Number EAC2400450864, and sent you a receipt notice or acceptance notice. The notice describes how we will process your case. Please follow the instructions in the notice. If you move, go to www.uscis.gov/addresschange to give us your new mailing address."
2023-10-14 10:40:56,Case Was Received and A Receipt Notice Was Sent,"On October 6, 2023, we received your Form I-129, Petition for a Nonimmigrant Worker, Receipt Number EAC2400450864, and sent you a receipt notice or acceptance notice. The notice describes how we will process your case. Please follow the instructions in the notice. If you move, go to www.uscis.gov/addresschange to give us your new mailing address."
2023-10-14 10:52:55,Case Was Received and A Receipt Notice Was Sent,"On October 6, 2023, we received your Form I-129, Petition for a Nonimmigrant Worker, Receipt Number EAC2400450864, and sent you a receipt notice or acceptance notice. The notice describes how we will process your case. Please follow the instructions in the notice. If you move, go to www.uscis.gov/addresschange to give us your new mailing address."
2023-10-14 11:14:47,Case Was Received and A Receipt Notice Was Sent,"On October 6, 2023, we received your Form I-129, Petition for a Nonimmigrant Worker, Receipt Number EAC2400450864, and sent you a receipt notice or acceptance notice. The notice describes how we will process your case. Please follow the instructions in the notice. If you move, go to www.uscis.gov/addresschange to give us your new mailing address."
2023-10-14 11:28:35,Case Was Received and A Receipt Notice Was Sent,"On October 6, 2023, we received your Form I-129, Petition for a Nonimmigrant Worker, Receipt Number EAC2400450864, and sent you a receipt notice or acceptance notice. The notice describes how we will process your case. Please follow the instructions in the notice. If you move, go to www.uscis.gov/addresschange to give us your new mailing address."
2023-10-14 11:40:01,Case Was Received and A Receipt Notice Was Sent,"On October 6, 2023, we received your Form I-129, Petition for a Nonimmigrant Worker, Receipt Number EAC2400450864, and sent you a receipt notice or acceptance notice. The notice describes how we will process your case. Please follow the instructions in the notice. If you move, go to www.uscis.gov/addresschange to give us your new mailing address."
2023-10-14 11:51:51,Case Was Received and A Receipt Notice Was Sent,"On October 6, 2023, we received your Form I-129, Petition for a Nonimmigrant Worker, Receipt Number EAC2400450864, and sent you a receipt notice or acceptance notice. The notice describes how we will process your case. Please follow the instructions in the notice. If you move, go to www.uscis.gov/addresschange to give us your new mailing address."
2023-10-14 12:19:21,Case Was Received and A Receipt Notice Was Sent,"On October 6, 2023, we received your Form I-129, Petition for a Nonimmigrant Worker, Receipt Number EAC2400450864, and sent you a receipt notice or acceptance notice. The notice describes how we will process your case. Please follow the instructions in the notice. If you move, go to www.uscis.gov/addresschange to give us your new mailing address."
2023-10-14 12:33:25,Case Was Received and A Receipt Notice Was Sent,"On October 6, 2023, we received your Form I-129, Petition for a Nonimmigrant Worker, Receipt Number EAC2400450864, and sent you a receipt notice or acceptance notice. The notice describes how we will process your case. Please follow the instructions in the notice. If you move, go to www.uscis.gov/addresschange to give us your new mailing address."
2023-10-14 12:48:18,Case Was Received and A Receipt Notice Was Sent,"On October 6, 2023, we received your Form I-129, Petition for a Nonimmigrant Worker, Receipt Number EAC2400450864, and sent you a receipt notice or acceptance notice. The notice describes how we will process your case. Please follow the instructions in the notice. If you move, go to www.uscis.gov/addresschange to give us your new mailing address."
2023-10-14 13:18:08,Case Was Received and A Receipt Notice Was Sent,"On October 6, 2023, we received your Form I-129, Petition for a Nonimmigrant Worker, Receipt Number EAC2400450864, and sent you a receipt notice or acceptance notice. The notice describes how we will process your case. Please follow the instructions in the notice. If you move, go to www.uscis.gov/addresschange to give us your new mailing address."
2023-10-14 13:29:41,Case Was Received and A Receipt Notice Was Sent,"On October 6, 2023, we received your Form I-129, Petition for a Nonimmigrant Worker, Receipt Number EAC2400450864, and sent you a receipt notice or acceptance notice. The notice describes how we will process your case. Please follow the instructions in the notice. If you move, go to www.uscis.gov/addresschange to give us your new mailing address."
2023-10-14 13:40:38,Check Case Status,Already have an Account? Login
2023-10-14 13:52:46,Case Was Received and A Receipt Notice Was Sent,"On October 6, 2023, we received your Form I-129, Petition for a Nonimmigrant Worker, Receipt Number EAC2400450864, and sent you a receipt notice or acceptance notice. The notice describes how we will process your case. Please follow the instructions in the notice. If you move, go to www.uscis.gov/addresschange to give us your new mailing address."
2023-10-14 14:20:03,Case Was Received and A Receipt Notice Was Sent,"On October 6, 2023, we received your Form I-129, Petition for a Nonimmigrant Worker, Receipt Number EAC2400450864, and sent you a receipt notice or acceptance notice. The notice describes how we will process your case. Please follow the instructions in the notice. If you move, go to www.uscis.gov/addresschange to give us your new mailing address."
2023-10-14 14:31:24,Case Was Received and A Receipt Notice Was Sent,"On October 6, 2023, we received your Form I-129, Petition for a Nonimmigrant Worker, Receipt Number EAC2400450864, and sent you a receipt notice or acceptance notice. The notice describes how we will process your case. Please follow the instructions in the notice. If you move, go to www.uscis.gov/addresschange to give us your new mailing address."
2023-10-14 14:42:59,Case Was Received and A Receipt Notice Was Sent,"On October 6, 2023, we received your Form I-129, Petition for a Nonimmigrant Worker, Receipt Number EAC2400450864, and sent you a receipt notice or acceptance notice. The notice describes how we will process your case. Please follow the instructions in the notice. If you move, go to www.uscis.gov/addresschange to give us your new mailing address."
2023-10-14 14:58:56,Case Was Received and A Receipt Notice Was Sent,"On October 6, 2023, we received your Form I-129, Petition for a Nonimmigrant Worker, Receipt Number EAC2400450864, and sent you a receipt notice or acceptance notice. The notice describes how we will process your case. Please follow the instructions in the notice. If you move, go to www.uscis.gov/addresschange to give us your new mailing address."
2023-10-14 15:14:36,Case Was Received and A Receipt Notice Was Sent,"On October 6, 2023, we received your Form I-129, Petition for a Nonimmigrant Worker, Receipt Number EAC2400450864, and sent you a receipt notice or acceptance notice. The notice describes how we will process your case. Please follow the instructions in the notice. If you move, go to www.uscis.gov/addresschange to give us your new mailing address."
2023-10-14 15:28:29,Case Was Received and A Receipt Notice Was Sent,"On October 6, 2023, we received your Form I-129, Petition for a Nonimmigrant Worker, Receipt Number EAC2400450864, and sent you a receipt notice or acceptance notice. The notice describes how we will process your case. Please follow the instructions in the notice. If you move, go to www.uscis.gov/addresschange to give us your new mailing address."
2023-10-14 15:40:16,Case Was Received and A Receipt Notice Was Sent,"On October 6, 2023, we received your Form I-129, Petition for a Nonimmigrant Worker, Receipt Number EAC2400450864, and sent you a receipt notice or acceptance notice. The notice describes how we will process your case. Please follow the instructions in the notice. If you move, go to www.uscis.gov/addresschange to give us your new mailing address."
2023-10-14 15:51:52,Case Was Received and A Receipt Notice Was Sent,"On October 6, 2023, we received your Form I-129, Petition for a Nonimmigrant Worker, Receipt Number EAC2400450864, and sent you a receipt notice or acceptance notice. The notice describes how we will process your case. Please follow the instructions in the notice. If you move, go to www.uscis.gov/addresschange to give us your new mailing address."
2023-10-14 16:22:44,Case Was Received and A Receipt Notice Was Sent,"On October 6, 2023, we received your Form I-129, Petition for a Nonimmigrant Worker, Receipt Number EAC2400450864, and sent you a receipt notice or acceptance notice. The notice describes how we will process your case. Please follow the instructions in the notice. If you move, go to www.uscis.gov/addresschange to give us your new mailing address."
2023-10-14 16:38:39,Case Was Received and A Receipt Notice Was Sent,"On October 6, 2023, we received your Form I-129, Petition for a Nonimmigrant Worker, Receipt Number EAC2400450864, and sent you a receipt notice or acceptance notice. The notice describes how we will process your case. Please follow the instructions in the notice. If you move, go to www.uscis.gov/addresschange to give us your new mailing address."
2023-10-14 16:50:32,Case Was Received and A Receipt Notice Was Sent,"On October 6, 2023, we received your Form I-129, Petition for a Nonimmigrant Worker, Receipt Number EAC2400450864, and sent you a receipt notice or acceptance notice. The notice describes how we will process your case. Please follow the instructions in the notice. If you move, go to www.uscis.gov/addresschange to give us your new mailing address."
2023-10-14 17:01:49,Case Was Received and A Receipt Notice Was Sent,"On October 6, 2023, we received your Form I-129, Petition for a Nonimmigrant Worker, Receipt Number EAC2400450864, and sent you a receipt notice or acceptance notice. The notice describes how we will process your case. Please follow the instructions in the notice. If you move, go to www.uscis.gov/addresschange to give us your new mailing address."
2023-10-14 17:17:17,Case Was Received and A Receipt Notice Was Sent,"On October 6, 2023, we received your Form I-129, Petition for a Nonimmigrant Worker, Receipt Number EAC2400450864, and sent you a receipt notice or acceptance notice. The notice describes how we will process your case. Please follow the instructions in the notice. If you move, go to www.uscis.gov/addresschange to give us your new mailing address."
2023-10-14 17:28:45,Case Was Received and A Receipt Notice Was Sent,"On October 6, 2023, we received your Form I-129, Petition for a Nonimmigrant Worker, Receipt Number EAC2400450864, and sent you a receipt notice or acceptance notice. The notice describes how we will process your case. Please follow the instructions in the notice. If you move, go to www.uscis.gov/addresschange to give us your new mailing address."
2023-10-14 17:40:00,Case Was Received and A Receipt Notice Was Sent,"On October 6, 2023, we received your Form I-129, Petition for a Nonimmigrant Worker, Receipt Number EAC2400450864, and sent you a receipt notice or acceptance notice. The notice describes how we will process your case. Please follow the instructions in the notice. If you move, go to www.uscis.gov/addresschange to give us your new mailing address."
2023-10-14 17:51:43,Case Was Received and A Receipt Notice Was Sent,"On October 6, 2023, we received your Form I-129, Petition for a Nonimmigrant Worker, Receipt Number EAC2400450864, and sent you a receipt notice or acceptance notice. The notice describes how we will process your case. Please follow the instructions in the notice. If you move, go to www.uscis.gov/addresschange to give us your new mailing address."
2023-10-14 18:07:25,Case Was Received and A Receipt Notice Was Sent,"On October 6, 2023, we received your Form I-129, Petition for a Nonimmigrant Worker, Receipt Number EAC2400450864, and sent you a receipt notice or acceptance notice. The notice describes how we will process your case. Please follow the instructions in the notice. If you move, go to www.uscis.gov/addresschange to give us your new mailing address."
2023-10-14 18:24:36,Case Was Received and A Receipt Notice Was Sent,"On October 6, 2023, we received your Form I-129, Petition for a Nonimmigrant Worker, Receipt Number EAC2400450864, and sent you a receipt notice or acceptance notice. The notice describes how we will process your case. Please follow the instructions in the notice. If you move, go to www.uscis.gov/addresschange to give us your new mailing address."
2023-10-14 18:38:38,Case Was Received and A Receipt Notice Was Sent,"On October 6, 2023, we received your Form I-129, Petition for a Nonimmigrant Worker, Receipt Number EAC2400450864, and sent you a receipt notice or acceptance notice. The notice describes how we will process your case. Please follow the instructions in the notice. If you move, go to www.uscis.gov/addresschange to give us your new mailing address."
2023-10-14 18:50:06,Case Was Received and A Receipt Notice Was Sent,"On October 6, 2023, we received your Form I-129, Petition for a Nonimmigrant Worker, Receipt Number EAC2400450864, and sent you a receipt notice or acceptance notice. The notice describes how we will process your case. Please follow the instructions in the notice. If you move, go to www.uscis.gov/addresschange to give us your new mailing address."
2023-10-14 19:01:32,Case Was Received and A Receipt Notice Was Sent,"On October 6, 2023, we received your Form I-129, Petition for a Nonimmigrant Worker, Receipt Number EAC2400450864, and sent you a receipt notice or acceptance notice. The notice describes how we will process your case. Please follow the instructions in the notice. If you move, go to www.uscis.gov/addresschange to give us your new mailing address."
2023-10-14 19:19:13,Check Case Status,"On October 6, 2023, we received your Form I-129, Petition for a Nonimmigrant Worker, Receipt Number EAC2400450864, and sent you a receipt notice or acceptance notice. The notice describes how we will process your case. Please follow the instructions in the notice. If you move, go to www.uscis.gov/addresschange to give us your new mailing address."
2023-10-14 19:30:57,Case Was Received and A Receipt Notice Was Sent,"On October 6, 2023, we received your Form I-129, Petition for a Nonimmigrant Worker, Receipt Number EAC2400450864, and sent you a receipt notice or acceptance notice. The notice describes how we will process your case. Please follow the instructions in the notice. If you move, go to www.uscis.gov/addresschange to give us your new mailing address."
2023-10-14 19:42:15,Check Case Status,Already have an Account? Login
2023-10-14 19:58:36,Case Was Received and A Receipt Notice Was Sent,"On October 6, 2023, we received your Form I-129, Petition for a Nonimmigrant Worker, Receipt Number EAC2400450864, and sent you a receipt notice or acceptance notice. The notice describes how we will process your case. Please follow the instructions in the notice. If you move, go to www.uscis.gov/addresschange to give us your new mailing address."
2023-10-14 21:24:53,Check Case Status,Already have an Account? Login
2023-10-14 22:09:33,Case Was Received and A Receipt Notice Was Sent,"On October 6, 2023, we received your Form I-129, Petition for a Nonimmigrant Worker, Receipt Number EAC2400450864, and sent you a receipt notice or acceptance notice. The notice describes how we will process your case. Please follow the instructions in the notice. If you move, go to www.uscis.gov/addresschange to give us your new mailing address."
2023-10-14 22:31:24,Case Was Received and A Receipt Notice Was Sent,"On October 6, 2023, we received your Form I-129, Petition for a Nonimmigrant Worker, Receipt Number EAC2400450864, and sent you a receipt notice or acceptance notice. The notice describes how we will process your case. Please follow the instructions in the notice. If you move, go to www.uscis.gov/addresschange to give us your new mailing address."
2023-10-14 22:43:08,Case Was Received and A Receipt Notice Was Sent,"On October 6, 2023, we received your Form I-129, Petition for a Nonimmigrant Worker, Receipt Number EAC2400450864, and sent you a receipt notice or acceptance notice. The notice describes how we will process your case. Please follow the instructions in the notice. If you move, go to www.uscis.gov/addresschange to give us your new mailing address."
2023-10-14 22:58:10,Case Was Received and A Receipt Notice Was Sent,"On October 6, 2023, we received your Form I-129, Petition for a Nonimmigrant Worker, Receipt Number EAC2400450864, and sent you a receipt notice or acceptance notice. The notice describes how we will process your case. Please follow the instructions in the notice. If you move, go to www.uscis.gov/addresschange to give us your new mailing address."
2023-10-14 23:19:10,Check Case Status,Already have an Account? Login
2023-10-14 23:30:56,Check Case Status,Already have an Account? Login
2023-10-14 23:42:22,Check Case Status,Already have an Account? Login
2023-10-14 23:58:27,Case Was Received and A Receipt Notice Was Sent,"On October 6, 2023, we received your Form I-129, Petition for a Nonimmigrant Worker, Receipt Number EAC2400450864, and sent you a receipt notice or acceptance notice. The notice describes how we will process your case. Please follow the instructions in the notice. If you move, go to www.uscis.gov/addresschange to give us your new mailing address."
2023-10-15 00:21:48,Case Was Received and A Receipt Notice Was Sent,"On October 6, 2023, we received your Form I-129, Petition for a Nonimmigrant Worker, Receipt Number EAC2400450864, and sent you a receipt notice or acceptance notice. The notice describes how we will process your case. Please follow the instructions in the notice. If you move, go to www.uscis.gov/addresschange to give us your new mailing address."
2023-10-15 00:34:28,Case Was Received and A Receipt Notice Was Sent,"On October 6, 2023, we received your Form I-129, Petition for a Nonimmigrant Worker, Receipt Number EAC2400450864, and sent you a receipt notice or acceptance notice. The notice describes how we will process your case. Please follow the instructions in the notice. If you move, go to www.uscis.gov/addresschange to give us your new mailing address."
2023-10-15 00:48:35,Case Was Received and A Receipt Notice Was Sent,"On October 6, 2023, we received your Form I-129, Petition for a Nonimmigrant Worker, Receipt Number EAC2400450864, and sent you a receipt notice or acceptance notice. The notice describes how we will process your case. Please follow the instructions in the notice. If you move, go to www.uscis.gov/addresschange to give us your new mailing address."
2023-10-15 00:59:56,Case Was Received and A Receipt Notice Was Sent,"On October 6, 2023, we received your Form I-129, Petition for a Nonimmigrant Worker, Receipt Number EAC2400450864, and sent you a receipt notice or acceptance notice. The notice describes how we will process your case. Please follow the instructions in the notice. If you move, go to www.uscis.gov/addresschange to give us your new mailing address."
2023-10-15 01:19:26,Case Was Received and A Receipt Notice Was Sent,"On October 6, 2023, we received your Form I-129, Petition for a Nonimmigrant Worker, Receipt Number EAC2400450864, and sent you a receipt notice or acceptance notice. The notice describes how we will process your case. Please follow the instructions in the notice. If you move, go to www.uscis.gov/addresschange to give us your new mailing address."
2023-10-15 01:42:25,Case Was Received and A Receipt Notice Was Sent,"On October 6, 2023, we received your Form I-129, Petition for a Nonimmigrant Worker, Receipt Number EAC2400450864, and sent you a receipt notice or acceptance notice. The notice describes how we will process your case. Please follow the instructions in the notice. If you move, go to www.uscis.gov/addresschange to give us your new mailing address."
2023-10-15 01:58:37,Case Was Received and A Receipt Notice Was Sent,"On October 6, 2023, we received your Form I-129, Petition for a Nonimmigrant Worker, Receipt Number EAC2400450864, and sent you a receipt notice or acceptance notice. The notice describes how we will process your case. Please follow the instructions in the notice. If you move, go to www.uscis.gov/addresschange to give us your new mailing address."
2023-10-15 02:24:33,Case Was Received and A Receipt Notice Was Sent,"On October 6, 2023, we received your Form I-129, Petition for a Nonimmigrant Worker, Receipt Number EAC2400450864, and sent you a receipt notice or acceptance notice. The notice describes how we will process your case. Please follow the instructions in the notice. If you move, go to www.uscis.gov/addresschange to give us your new mailing address."
2023-10-15 02:38:37,Case Was Received and A Receipt Notice Was Sent,"On October 6, 2023, we received your Form I-129, Petition for a Nonimmigrant Worker, Receipt Number EAC2400450864, and sent you a receipt notice or acceptance notice. The notice describes how we will process your case. Please follow the instructions in the notice. If you move, go to www.uscis.gov/addresschange to give us your new mailing address."
2023-10-15 02:50:05,Case Was Received and A Receipt Notice Was Sent,"On October 6, 2023, we received your Form I-129, Petition for a Nonimmigrant Worker, Receipt Number EAC2400450864, and sent you a receipt notice or acceptance notice. The notice describes how we will process your case. Please follow the instructions in the notice. If you move, go to www.uscis.gov/addresschange to give us your new mailing address."
2023-10-15 03:02:04,Case Was Received and A Receipt Notice Was Sent,"On October 6, 2023, we received your Form I-129, Petition for a Nonimmigrant Worker, Receipt Number EAC2400450864, and sent you a receipt notice or acceptance notice. The notice describes how we will process your case. Please follow the instructions in the notice. If you move, go to www.uscis.gov/addresschange to give us your new mailing address."
2023-10-15 03:17:57,Case Was Received and A Receipt Notice Was Sent,"On October 6, 2023, we received your Form I-129, Petition for a Nonimmigrant Worker, Receipt Number EAC2400450864, and sent you a receipt notice or acceptance notice. The notice describes how we will process your case. Please follow the instructions in the notice. If you move, go to www.uscis.gov/addresschange to give us your new mailing address."
2023-10-15 03:29:48,Case Was Received and A Receipt Notice Was Sent,"On October 6, 2023, we received your Form I-129, Petition for a Nonimmigrant Worker, Receipt Number EAC2400450864, and sent you a receipt notice or acceptance notice. The notice describes how we will process your case. Please follow the instructions in the notice. If you move, go to www.uscis.gov/addresschange to give us your new mailing address."
2023-10-15 03:41:22,Case Was Received and A Receipt Notice Was Sent,"On October 6, 2023, we received your Form I-129, Petition for a Nonimmigrant Worker, Receipt Number EAC2400450864, and sent you a receipt notice or acceptance notice. The notice describes how we will process your case. Please follow the instructions in the notice. If you move, go to www.uscis.gov/addresschange to give us your new mailing address."
2023-10-15 03:53:15,Case Was Received and A Receipt Notice Was Sent,"On October 6, 2023, we received your Form I-129, Petition for a Nonimmigrant Worker, Receipt Number EAC2400450864, and sent you a receipt notice or acceptance notice. The notice describes how we will process your case. Please follow the instructions in the notice. If you move, go to www.uscis.gov/addresschange to give us your new mailing address."
2023-10-15 04:19:11,Case Was Received and A Receipt Notice Was Sent,"On October 6, 2023, we received your Form I-129, Petition for a Nonimmigrant Worker, Receipt Number EAC2400450864, and sent you a receipt notice or acceptance notice. The notice describes how we will process your case. Please follow the instructions in the notice. If you move, go to www.uscis.gov/addresschange to give us your new mailing address."
2023-10-15 04:30:48,Case Was Received and A Receipt Notice Was Sent,"On October 6, 2023, we received your Form I-129, Petition for a Nonimmigrant Worker, Receipt Number EAC2400450864, and sent you a receipt notice or acceptance notice. The notice describes how we will process your case. Please follow the instructions in the notice. If you move, go to www.uscis.gov/addresschange to give us your new mailing address."
